codigo_ibge;municipio;coef_inc_acum;incidencia;obito
310010;Abadia dos Dourados;0,000000000000000;Silencioso;NA
310020;Abaeté;8,606963033093773;Baixa;NA
310030;Abre Campo;0,000000000000000;Silencioso;NA
310040;Acaiaca;0,000000000000000;Silencioso;NA
310050;Açucena;0,000000000000000;Silencioso;NA
310060;Água Boa;0,000000000000000;Silencioso;NA
310070;Água Comprida;0,000000000000000;Silencioso;NA
310080;Aguanil;0,000000000000000;Silencioso;NA
310090;Águas Formosas;0,000000000000000;Silencioso;NA
310100;Águas Vermelhas;0,000000000000000;Silencioso;NA
310110;Aimorés;11,920371915603766;Baixa;NA
310120;Aiuruoca;0,000000000000000;Silencioso;NA
310130;Alagoa;0,000000000000000;Silencioso;NA
310140;Albertina;0,000000000000000;Silencioso;NA
310150;Além Paraíba;0,000000000000000;Silencioso;0
310160;Alfenas;11,250562528126405;Baixa;1
310163;Alfredo Vasconcelos;0,000000000000000;Silencioso;NA
310170;Almenara;0,000000000000000;Silencioso;NA
310180;Alpercata;0,000000000000000;Silencioso;NA
310190;Alpinópolis;0,000000000000000;Silencioso;NA
310200;Alterosa;0,000000000000000;Silencioso;NA
310205;Alto Caparaó;0,000000000000000;Silencioso;NA
315350;Alto Jequitibá;0,000000000000000;Silencioso;NA
310210;Alto Rio Doce;0,000000000000000;Silencioso;NA
310220;Alvarenga;0,000000000000000;Silencioso;NA
310230;Alvinópolis;0,000000000000000;Silencioso;NA
310240;Alvorada de Minas;0,000000000000000;Silencioso;NA
310250;Amparo do Serra;0,000000000000000;Silencioso;NA
310260;Andradas;0,000000000000000;Silencioso;NA
310280;Andrelândia;0,000000000000000;Silencioso;NA
310285;Angelândia;0,000000000000000;Silencioso;NA
310290;Antônio Carlos;0,000000000000000;Silencioso;NA
310300;Antônio Dias;10,731916720326250;Baixa;NA
310310;Antônio Prado de Minas;0,000000000000000;Silencioso;NA
310320;Araçaí;0,000000000000000;Silencioso;NA
310330;Aracitaba;0,000000000000000;Silencioso;NA
310340;Araçuaí;10,896807235480004;Baixa;NA
310350;Araguari;20,466115787050065;Baixa;NA
310360;Arantina;0,000000000000000;Silencioso;NA
310370;Araponga;0,000000000000000;Silencioso;NA
310375;Araporã;14,558159848595137;Baixa;NA
310380;Arapuá;0,000000000000000;Silencioso;NA
310390;Araújos;0,000000000000000;Silencioso;NA
310400;Araxá;3,765450112492822;Baixa;0
310410;Arceburgo;9,283327144448570;Baixa;NA
310420;Arcos;0,000000000000000;Silencioso;NA
310430;Areado;0,000000000000000;Silencioso;NA
310440;Argirita;0,000000000000000;Silencioso;NA
310445;Aricanduva;0,000000000000000;Silencioso;NA
310450;Arinos;0,000000000000000;Silencioso;NA
310460;Astolfo Dutra;0,000000000000000;Silencioso;NA
310470;Ataléia;0,000000000000000;Silencioso;NA
310480;Augusto de Lima;0,000000000000000;Silencioso;NA
310490;Baependi;0,000000000000000;Silencioso;NA
310500;Baldim;0,000000000000000;Silencioso;NA
310510;Bambuí;0,000000000000000;Silencioso;NA
310520;Bandeira;0,000000000000000;Silencioso;NA
310530;Bandeira do Sul;0,000000000000000;Silencioso;NA
310540;Barão de Cocais;0,000000000000000;Silencioso;NA
310550;Barão de Monte Alto;0,000000000000000;Silencioso;NA
310560;Barbacena;0,000000000000000;Silencioso;NA
310570;Barra Longa;0,000000000000000;Silencioso;NA
310590;Barroso;4,805382027871215;Baixa;NA
310600;Bela Vista de Minas;0,000000000000000;Silencioso;NA
310610;Belmiro Braga;0,000000000000000;Silencioso;NA
310620;Belo Horizonte;14,131771805721973;Baixa;1
310630;Belo Oriente;3,745318352059925;Baixa;NA
310640;Belo Vale;0,000000000000000;Silencioso;NA
310650;Berilo;0,000000000000000;Silencioso;NA
310665;Berizal;21,119324181626187;Baixa;NA
310660;Bertópolis;0,000000000000000;Silencioso;NA
310670;Betim;4,097054672918468;Baixa;NA
310680;Bias Fortes;0,000000000000000;Silencioso;NA
310690;Bicas;0,000000000000000;Silencioso;NA
310700;Biquinhas;0,000000000000000;Silencioso;NA
310710;Boa Esperança;2,492087621800783;Baixa;NA
310720;Bocaina de Minas;0,000000000000000;Silencioso;NA
310730;Bocaiúva;8,003361411792953;Baixa;NA
310740;Bom Despacho;15,808714553897836;Baixa;0
310750;Bom Jardim de Minas;0,000000000000000;Silencioso;NA
310760;Bom Jesus da Penha;0,000000000000000;Silencioso;NA
310770;Bom Jesus do Amparo;0,000000000000000;Silencioso;NA
310780;Bom Jesus do Galho;0,000000000000000;Silencioso;NA
310790;Bom Repouso;0,000000000000000;Silencioso;NA
310800;Bom Sucesso;0,000000000000000;Silencioso;NA
310810;Bonfim;0,000000000000000;Silencioso;NA
310820;Bonfinópolis de Minas;0,000000000000000;Silencioso;NA
310825;Bonito de Minas;0,000000000000000;Silencioso;NA
310830;Borda da Mata;0,000000000000000;Silencioso;NA
310840;Botelhos;0,000000000000000;Silencioso;NA
310850;Botumirim;0,000000000000000;Silencioso;NA
310870;Brás Pires;0,000000000000000;Silencioso;NA
310855;Brasilândia de Minas;0,000000000000000;Silencioso;NA
310860;Brasília de Minas;0,000000000000000;Silencioso;NA
310890;Brasópolis;0,000000000000000;Silencioso;NA
310880;Braúnas;0,000000000000000;Silencioso;NA
310900;Brumadinho;2,493579033987482;Baixa;NA
310910;Bueno Brandão;0,000000000000000;Silencioso;NA
310920;Buenópolis;0,000000000000000;Silencioso;NA
310925;Bugre;0,000000000000000;Silencioso;NA
310930;Buritis;4,025602834024395;Baixa;NA
310940;Buritizeiro;0,000000000000000;Silencioso;NA
310945;Cabeceira Grande;0,000000000000000;Silencioso;NA
310950;Cabo Verde;0,000000000000000;Silencioso;NA
310960;Cachoeira da Prata;27,754648903691372;Baixa;NA
310970;Cachoeira de Minas;8,660258075690654;Baixa;NA
310270;Cachoeira de Pajeú;0,000000000000000;Silencioso;NA
310980;Cachoeira Dourada;0,000000000000000;Silencioso;NA
310990;Caetanópolis;8,602890571231933;Baixa;NA
311000;Caeté;4,472471935238606;Baixa;NA
311010;Caiana;0,000000000000000;Silencioso;NA
311020;Cajuri;0,000000000000000;Silencioso;NA
311030;Caldas;0,000000000000000;Silencioso;NA
311040;Camacho;0,000000000000000;Silencioso;NA
311050;Camanducaia;0,000000000000000;Silencioso;NA
311060;Cambuí;0,000000000000000;Silencioso;NA
311070;Cambuquira;0,000000000000000;Silencioso;NA
311080;Campanário;0,000000000000000;Silencioso;NA
311090;Campanha;0,000000000000000;Silencioso;NA
311100;Campestre;0,000000000000000;Silencioso;NA
311110;Campina Verde;5,064573309698658;Baixa;2
311115;Campo Azul;0,000000000000000;Silencioso;NA
311120;Campo Belo;1,850857872623961;Baixa;0
311130;Campo do Meio;0,000000000000000;Silencioso;NA
311140;Campo Florido;0,000000000000000;Silencioso;0
311150;Campos Altos;0,000000000000000;Silencioso;NA
311160;Campos Gerais;0,000000000000000;Silencioso;NA
311190;Cana Verde;0,000000000000000;Silencioso;NA
311170;Canaã;0,000000000000000;Silencioso;NA
311180;Canápolis;0,000000000000000;Silencioso;1
311200;Candeias;6,717721348918447;Baixa;NA
311205;Cantagalo;0,000000000000000;Silencioso;NA
311210;Caparaó;0,000000000000000;Silencioso;NA
311220;Capela Nova;0,000000000000000;Silencioso;NA
311230;Capelinha;0,000000000000000;Silencioso;NA
311240;Capetinga;0,000000000000000;Silencioso;NA
311250;Capim Branco;41,008816895632563;Baixa;NA
311260;Capinópolis;6,183144747418537;Baixa;NA
311265;Capitão Andrade;0,000000000000000;Silencioso;NA
311270;Capitão Enéas;0,000000000000000;Silencioso;NA
311280;Capitólio;11,584800741427248;Baixa;NA
311290;Caputira;0,000000000000000;Silencioso;NA
311300;Caraí;4,222081486172684;Baixa;NA
311310;Caranaíba;0,000000000000000;Silencioso;NA
311320;Carandaí;0,000000000000000;Silencioso;NA
311330;Carangola;0,000000000000000;Silencioso;NA
311340;Caratinga;0,000000000000000;Silencioso;NA
311350;Carbonita;10,632642211589580;Baixa;NA
311360;Careaçu;0,000000000000000;Silencioso;NA
311370;Carlos Chagas;15,926102882624622;Baixa;NA
311380;Carmésia;0,000000000000000;Silencioso;NA
311390;Carmo da Cachoeira;0,000000000000000;Silencioso;NA
311400;Carmo da Mata;0,000000000000000;Silencioso;0
311410;Carmo de Minas;0,000000000000000;Silencioso;NA
311420;Carmo do Cajuru;0,000000000000000;Silencioso;NA
311430;Carmo do Paranaíba;0,000000000000000;Silencioso;NA
311440;Carmo do Rio Claro;4,711425206124852;Baixa;NA
311450;Carmópolis de Minas;0,000000000000000;Silencioso;NA
311455;Carneirinho;0,000000000000000;Silencioso;1
311460;Carrancas;0,000000000000000;Silencioso;NA
311470;Carvalhópolis;27,940765576976808;Baixa;NA
311480;Carvalhos;0,000000000000000;Silencioso;NA
311490;Casa Grande;0,000000000000000;Silencioso;NA
311500;Cascalho Rico;0,000000000000000;Silencioso;NA
311510;Cássia;0,000000000000000;Silencioso;NA
311530;Cataguases;9,318051728498597;Baixa;0
311535;Catas Altas;0,000000000000000;Silencioso;NA
311540;Catas Altas da Noruega;0,000000000000000;Silencioso;NA
311545;Catuji;0,000000000000000;Silencioso;NA
311547;Catuti;0,000000000000000;Silencioso;NA
311550;Caxambu;4,617657923900997;Baixa;NA
311560;Cedro do Abaeté;0,000000000000000;Silencioso;NA
311570;Central de Minas;0,000000000000000;Silencioso;NA
311580;Centralina;0,000000000000000;Silencioso;NA
311590;Chácara;0,000000000000000;Silencioso;NA
311600;Chalé;0,000000000000000;Silencioso;NA
311610;Chapada do Norte;0,000000000000000;Silencioso;NA
311615;Chapada Gaúcha;0,000000000000000;Silencioso;NA
311620;Chiador;0,000000000000000;Silencioso;NA
311630;Cipotânea;0,000000000000000;Silencioso;NA
311640;Claraval;0,000000000000000;Silencioso;NA
311650;Claro dos Poções;13,243279035889287;Baixa;NA
311660;Cláudio;0,000000000000000;Silencioso;NA
311670;Coimbra;0,000000000000000;Silencioso;NA
311680;Coluna;0,000000000000000;Silencioso;NA
311690;Comendador Gomes;0,000000000000000;Silencioso;NA
311700;Comercinho;0,000000000000000;Silencioso;NA
311710;Conceição da Aparecida;0,000000000000000;Silencioso;NA
311520;Conceição da Barra de Minas;0,000000000000000;Silencioso;NA
311730;Conceição das Alagoas;7,170257770766860;Baixa;NA
311720;Conceição das Pedras;0,000000000000000;Silencioso;NA
311740;Conceição de Ipanema;0,000000000000000;Silencioso;NA
311750;Conceição do Mato Dentro;0,000000000000000;Silencioso;NA
311760;Conceição do Pará;0,000000000000000;Silencioso;NA
311770;Conceição do Rio Verde;0,000000000000000;Silencioso;NA
311780;Conceição dos Ouros;0,000000000000000;Silencioso;NA
311783;Cônego Marinho;0,000000000000000;Silencioso;NA
311787;Confins;0,000000000000000;Silencioso;NA
311790;Congonhal;0,000000000000000;Silencioso;NA
311800;Congonhas;5,478251342171579;Baixa;NA
311810;Congonhas do Norte;0,000000000000000;Silencioso;NA
311820;Conquista;0,000000000000000;Silencioso;NA
311830;Conselheiro Lafaiete;0,000000000000000;Silencioso;NA
311840;Conselheiro Pena;17,451245582653463;Baixa;NA
311850;Consolação;0,000000000000000;Silencioso;NA
311860;Contagem;8,134306437399733;Baixa;NA
311870;Coqueiral;0,000000000000000;Silencioso;NA
311880;Coração de Jesus;0,000000000000000;Silencioso;NA
311890;Cordisburgo;22,497187851518561;Baixa;NA
311900;Cordislândia;0,000000000000000;Silencioso;NA
311910;Corinto;0,000000000000000;Silencioso;0
311920;Coroaci;0,000000000000000;Silencioso;NA
311930;Coromandel;7,149495960534782;Baixa;NA
311940;Coronel Fabriciano;9,102908379227163;Baixa;NA
311950;Coronel Murta;0,000000000000000;Silencioso;NA
311960;Coronel Pacheco;0,000000000000000;Silencioso;NA
311970;Coronel Xavier Chaves;0,000000000000000;Silencioso;NA
311980;Córrego Danta;0,000000000000000;Silencioso;NA
311990;Córrego do Bom Jesus;0,000000000000000;Silencioso;NA
311995;Córrego Fundo;0,000000000000000;Silencioso;NA
312000;Córrego Novo;0,000000000000000;Silencioso;NA
312010;Couto de Magalhães de Minas;45,351473922902500;Baixa;NA
312015;Crisólita;0,000000000000000;Silencioso;NA
312020;Cristais;0,000000000000000;Silencioso;NA
312030;Cristália;0,000000000000000;Silencioso;NA
312040;Cristiano Otoni;0,000000000000000;Silencioso;NA
312050;Cristina;0,000000000000000;Silencioso;NA
312060;Crucilândia;0,000000000000000;Silencioso;NA
312070;Cruzeiro da Fortaleza;0,000000000000000;Silencioso;NA
312080;Cruzília;6,486346241162353;Baixa;NA
312083;Cuparaque;0,000000000000000;Silencioso;NA
312087;Curral de Dentro;0,000000000000000;Silencioso;NA
312090;Curvelo;1,247987619962810;Baixa;NA
312100;Datas;0,000000000000000;Silencioso;NA
312110;Delfim Moreira;0,000000000000000;Silencioso;NA
312120;Delfinópolis;0,000000000000000;Silencioso;NA
312125;Delta;0,000000000000000;Silencioso;NA
312130;Descoberto;0,000000000000000;Silencioso;NA
312140;Desterro de Entre Rios;0,000000000000000;Silencioso;NA
312150;Desterro do Melo;0,000000000000000;Silencioso;NA
312160;Diamantina;2,095425685728055;Baixa;NA
312170;Diogo de Vasconcelos;0,000000000000000;Silencioso;NA
312180;Dionísio;25,876568766981496;Baixa;NA
312190;Divinésia;0,000000000000000;Silencioso;NA
312200;Divino;0,000000000000000;Silencioso;NA
312210;Divino das Laranjeiras;40,168708576019277;Baixa;NA
312220;Divinolândia de Minas;0,000000000000000;Silencioso;NA
312230;Divinópolis;8,815010703941569;Baixa;0
312235;Divisa Alegre;0,000000000000000;Silencioso;NA
312240;Divisa Nova;0,000000000000000;Silencioso;NA
312245;Divisópolis;0,000000000000000;Silencioso;NA
312247;Dom Bosco;0,000000000000000;Silencioso;NA
312250;Dom Cavati;0,000000000000000;Silencioso;NA
312260;Dom Joaquim;0,000000000000000;Silencioso;NA
312270;Dom Silvério;0,000000000000000;Silencioso;NA
312280;Dom Viçoso;0,000000000000000;Silencioso;NA
312290;Dona Euzébia;15,216068167985393;Baixa;NA
312300;Dores de Campos;0,000000000000000;Silencioso;NA
312310;Dores de Guanhães;0,000000000000000;Silencioso;NA
312320;Dores do Indaiá;7,416747014759327;Baixa;NA
312330;Dores do Turvo;0,000000000000000;Silencioso;NA
312340;Doresópolis;0,000000000000000;Silencioso;NA
312350;Douradoquara;0,000000000000000;Silencioso;NA
312352;Durandé;0,000000000000000;Silencioso;NA
312360;Elói Mendes;0,000000000000000;Silencioso;0
312370;Engenheiro Caldas;0,000000000000000;Silencioso;NA
312380;Engenheiro Navarro;0,000000000000000;Silencioso;NA
312385;Entre Folhas;18,621973929236500;Baixa;NA
312390;Entre Rios de Minas;0,000000000000000;Silencioso;NA
312400;Ervália;0,000000000000000;Silencioso;NA
312410;Esmeraldas;4,252182787164077;Baixa;NA
312420;Espera Feliz;0,000000000000000;Silencioso;NA
312430;Espinosa;0,000000000000000;Silencioso;NA
312440;Espírito Santo do Dourado;0,000000000000000;Silencioso;NA
312450;Estiva;0,000000000000000;Silencioso;NA
312460;Estrela Dalva;0,000000000000000;Silencioso;NA
312470;Estrela do Indaiá;28,571428571428573;Baixa;NA
312480;Estrela do Sul;0,000000000000000;Silencioso;NA
312490;Eugenópolis;0,000000000000000;Silencioso;NA
312500;Ewbank da Câmara;0,000000000000000;Silencioso;NA
312510;Extrema;0,000000000000000;Silencioso;NA
312520;Fama;42,069835927639886;Baixa;NA
312530;Faria Lemos;0,000000000000000;Silencioso;NA
312540;Felício dos Santos;0,000000000000000;Silencioso;NA
312560;Felisburgo;0,000000000000000;Silencioso;NA
312570;Felixlândia;0,000000000000000;Silencioso;NA
312580;Fernandes Tourinho;0,000000000000000;Silencioso;NA
312590;Ferros;0,000000000000000;Silencioso;NA
312595;Fervedouro;0,000000000000000;Silencioso;NA
312600;Florestal;0,000000000000000;Silencioso;NA
312610;Formiga;2,954951760412512;Baixa;NA
312620;Formoso;0,000000000000000;Silencioso;NA
312630;Fortaleza de Minas;0,000000000000000;Silencioso;NA
312640;Fortuna de Minas;0,000000000000000;Silencioso;NA
312650;Francisco Badaró;164,537359659310880;Média;NA
312660;Francisco Dumont;0,000000000000000;Silencioso;NA
312670;Francisco Sá;0,000000000000000;Silencioso;NA
312675;Franciscópolis;0,000000000000000;Silencioso;NA
312680;Frei Gaspar;0,000000000000000;Silencioso;NA
312690;Frei Inocêncio;10,404744563520966;Baixa;NA
312695;Frei Lagonegro;0,000000000000000;Silencioso;NA
312700;Fronteira;0,000000000000000;Silencioso;NA
312705;Fronteira dos Vales;21,829294913774284;Baixa;NA
312707;Fruta de Leite;0,000000000000000;Silencioso;NA
312710;Frutal;1,680785262874815;Baixa;NA
312720;Funilândia;0,000000000000000;Silencioso;NA
312730;Galiléia;0,000000000000000;Silencioso;NA
312733;Gameleiras;0,000000000000000;Silencioso;NA
312735;Glaucilândia;31,746031746031747;Baixa;NA
312737;Goiabeira;0,000000000000000;Silencioso;NA
312738;Goianá;0,000000000000000;Silencioso;NA
312740;Gonçalves;0,000000000000000;Silencioso;NA
312750;Gonzaga;0,000000000000000;Silencioso;NA
312760;Gouvêa;16,913319238900634;Baixa;NA
312770;Governador Valadares;11,790556835843292;Baixa;NA
312780;Grão Mogol;0,000000000000000;Silencioso;NA
312790;Grupiara;0,000000000000000;Silencioso;NA
312800;Guanhães;2,913837815787173;Baixa;NA
312810;Guapé;0,000000000000000;Silencioso;NA
312820;Guaraciaba;0,000000000000000;Silencioso;NA
312825;Guaraciama;20,112630732099756;Baixa;NA
312830;Guaranésia;5,257347142631827;Baixa;NA
312840;Guarani;0,000000000000000;Silencioso;NA
312850;Guarará;0,000000000000000;Silencioso;NA
312860;Guarda-Mor;0,000000000000000;Silencioso;NA
312870;Guaxupé;9,630756784868156;Baixa;1
312880;Guidoval;0,000000000000000;Silencioso;NA
312890;Guimarânia;0,000000000000000;Silencioso;NA
312900;Guiricema;11,916110581506196;Baixa;NA
312910;Gurinhatã;17,733640716439083;Baixa;NA
312920;Heliodora;0,000000000000000;Silencioso;NA
312930;Iapu;0,000000000000000;Silencioso;NA
312940;Ibertioga;0,000000000000000;Silencioso;NA
312950;Ibiá;3,968411444898607;Baixa;NA
312960;Ibiaí;0,000000000000000;Silencioso;NA
312965;Ibiracatu;0,000000000000000;Silencioso;NA
312970;Ibiraci;0,000000000000000;Silencioso;NA
312980;Ibirité;7,768972941777097;Baixa;NA
312990;Ibitiúra de Minas;0,000000000000000;Silencioso;NA
313000;Ibituruna;0,000000000000000;Silencioso;NA
313005;Icaraí de Minas;0,000000000000000;Silencioso;NA
313010;Igarapé;0,000000000000000;Silencioso;NA
313020;Igaratinga;64,456721915285442;Baixa;NA
313030;Iguatama;25,166729583490621;Baixa;NA
313040;Ijaci;0,000000000000000;Silencioso;NA
313050;Ilicínea;0,000000000000000;Silencioso;NA
313055;Imbé de Minas;0,000000000000000;Silencioso;NA
313060;Inconfidentes;0,000000000000000;Silencioso;NA
313065;Indaiabira;0,000000000000000;Silencioso;NA
313070;Indianópolis;0,000000000000000;Silencioso;NA
313080;Ingaí;0,000000000000000;Silencioso;NA
313090;Inhapim;0,000000000000000;Silencioso;NA
313100;Inhaúma;0,000000000000000;Silencioso;NA
313110;Inimutaba;0,000000000000000;Silencioso;NA
313115;Ipaba;0,000000000000000;Silencioso;NA
313120;Ipanema;0,000000000000000;Silencioso;NA
313130;Ipatinga;14,046543411411866;Baixa;NA
313140;Ipiaçu;0,000000000000000;Silencioso;NA
313150;Ipuiúna;0,000000000000000;Silencioso;NA
313160;Iraí de Minas;0,000000000000000;Silencioso;NA
313170;Itabira;0,832916874895885;Baixa;NA
313180;Itabirinha de Mantena;0,000000000000000;Silencioso;NA
313190;Itabirito;0,000000000000000;Silencioso;NA
313200;Itacambira;0,000000000000000;Silencioso;NA
313210;Itacarambi;0,000000000000000;Silencioso;NA
313220;Itaguara;0,000000000000000;Silencioso;NA
313230;Itaipé;0,000000000000000;Silencioso;NA
313240;Itajubá;0,000000000000000;Silencioso;0
313250;Itamarandiba;5,757881099755290;Baixa;1
313260;Itamarati de Minas;0,000000000000000;Silencioso;NA
313270;Itambacuri;0,000000000000000;Silencioso;NA
313280;Itambé do Mato Dentro;0,000000000000000;Silencioso;NA
313290;Itamogi;0,000000000000000;Silencioso;NA
313300;Itamonte;0,000000000000000;Silencioso;NA
313310;Itanhandu;0,000000000000000;Silencioso;NA
313320;Itanhomi;0,000000000000000;Silencioso;NA
313330;Itaobim;0,000000000000000;Silencioso;NA
313340;Itapagipe;6,560388374991800;Baixa;NA
313350;Itapecerica;0,000000000000000;Silencioso;NA
313360;Itapeva;0,000000000000000;Silencioso;NA
313370;Itatiaiuçu;0,000000000000000;Silencioso;NA
313375;Itaú de Minas;0,000000000000000;Silencioso;NA
313380;Itaúna;1,072800223142446;Baixa;NA
313390;Itaverava;0,000000000000000;Silencioso;NA
313400;Itinga;33,355570380253496;Baixa;1
313410;Itueta;115,683358122624369;Média;NA
313420;Ituiutaba;2,866123377057638;Baixa;0
313430;Itumirim;0,000000000000000;Silencioso;NA
313440;Iturama;2,546927132414742;Baixa;0
313450;Itutinga;0,000000000000000;Silencioso;NA
313460;Jaboticatubas;9,929007595690811;Baixa;NA
313470;Jacinto;0,000000000000000;Silencioso;NA
313480;Jacuí;0,000000000000000;Silencioso;NA
313490;Jacutinga;0,000000000000000;Silencioso;NA
313500;Jaguaraçu;0,000000000000000;Silencioso;NA
313505;Jaíba;2,570099462849212;Baixa;NA
313507;Jampruca;0,000000000000000;Silencioso;NA
313510;Janaúba;0,000000000000000;Silencioso;NA
313520;Januária;0,000000000000000;Silencioso;NA
313530;Japaraíba;0,000000000000000;Silencioso;NA
313535;Japonvar;0,000000000000000;Silencioso;NA
313540;Jeceaba;0,000000000000000;Silencioso;NA
313545;Jenipapo de Minas;0,000000000000000;Silencioso;NA
313550;Jequeri;0,000000000000000;Silencioso;NA
313560;Jequitaí;13,278449077147789;Baixa;NA
313570;Jequitibá;0,000000000000000;Silencioso;NA
313580;Jequitinhonha;0,000000000000000;Silencioso;NA
313590;Jesuânia;0,000000000000000;Silencioso;NA
313600;Joaíma;0,000000000000000;Silencioso;0
313610;Joanésia;0,000000000000000;Silencioso;NA
313620;João Monlevade;0,000000000000000;Silencioso;0
313630;João Pinheiro;2,107392733709854;Baixa;NA
313640;Joaquim Felício;0,000000000000000;Silencioso;NA
313650;Jordânia;0,000000000000000;Silencioso;NA
313652;José Gonçalves de Minas;0,000000000000000;Silencioso;NA
313655;José Raydan;0,000000000000000;Silencioso;NA
313657;Josenópolis;0,000000000000000;Silencioso;NA
313665;Juatuba;11,133377866844802;Baixa;NA
313670;Juiz de Fora;0,527358478957518;Baixa;0
313680;Juramento;0,000000000000000;Silencioso;NA
313690;Juruaia;0,000000000000000;Silencioso;NA
313695;Juvenília;0,000000000000000;Silencioso;NA
313700;Ladainha;0,000000000000000;Silencioso;NA
313710;Lagamar;0,000000000000000;Silencioso;NA
313720;Lagoa da Prata;7,667976612671332;Baixa;NA
313730;Lagoa dos Patos;0,000000000000000;Silencioso;NA
313740;Lagoa Dourada;0,000000000000000;Silencioso;NA
313750;Lagoa Formosa;0,000000000000000;Silencioso;NA
313753;Lagoa Grande;0,000000000000000;Silencioso;NA
313760;Lagoa Santa;9,298433214003440;Baixa;NA
313770;Lajinha;0,000000000000000;Silencioso;NA
313780;Lambari;0,000000000000000;Silencioso;NA
313790;Lamim;0,000000000000000;Silencioso;NA
313800;Laranjal;0,000000000000000;Silencioso;NA
313810;Lassance;15,356265356265355;Baixa;NA
313820;Lavras;0,000000000000000;Silencioso;NA
313830;Leandro Ferreira;0,000000000000000;Silencioso;NA
313835;Leme do Prado;0,000000000000000;Silencioso;NA
313840;Leopoldina;5,704831992697815;Baixa;NA
313850;Liberdade;0,000000000000000;Silencioso;NA
313860;Lima Duarte;0,000000000000000;Silencioso;NA
313862;Limeira do Oeste;13,269639065817410;Baixa;NA
313865;Lontra;0,000000000000000;Silencioso;NA
313867;Luisburgo;0,000000000000000;Silencioso;NA
313868;Luislândia;14,927601134497685;Baixa;NA
313870;Luminárias;0,000000000000000;Silencioso;NA
313880;Luz;5,489980785067252;Baixa;NA
313890;Machacalis;28,125439459991561;Baixa;NA
313900;Machado;0,000000000000000;Silencioso;NA
313910;Madre de Deus de Minas;0,000000000000000;Silencioso;NA
313920;Malacacheta;0,000000000000000;Silencioso;NA
313925;Mamonas;0,000000000000000;Silencioso;NA
313930;Manga;0,000000000000000;Silencioso;NA
313940;Manhuaçu;1,108291125912955;Baixa;NA
313950;Manhumirim;0,000000000000000;Silencioso;NA
313960;Mantena;0,000000000000000;Silencioso;NA
313980;Mar de Espanha;0,000000000000000;Silencioso;NA
313970;Maravilhas;0,000000000000000;Silencioso;NA
313990;Maria da Fé;0,000000000000000;Silencioso;NA
314000;Mariana;1,646795336275608;Baixa;NA
314010;Marilac;0,000000000000000;Silencioso;NA
314015;Mário Campos;0,000000000000000;Silencioso;NA
314020;Maripá de Minas;0,000000000000000;Silencioso;NA
314030;Marliéria;0,000000000000000;Silencioso;NA
314040;Marmelópolis;0,000000000000000;Silencioso;NA
314050;Martinho Campos;0,000000000000000;Silencioso;NA
314053;Martins Soares;0,000000000000000;Silencioso;NA
314055;Mata Verde;0,000000000000000;Silencioso;NA
314060;Materlândia;0,000000000000000;Silencioso;NA
314070;Mateus Leme;0,000000000000000;Silencioso;NA
317150;Mathias Lobato;0,000000000000000;Silencioso;NA
314080;Matias Barbosa;0,000000000000000;Silencioso;NA
314085;Matias Cardoso;0,000000000000000;Silencioso;NA
314090;Matipó;0,000000000000000;Silencioso;NA
314100;Mato Verde;0,000000000000000;Silencioso;NA
314110;Matozinhos;5,288207297726071;Baixa;NA
314120;Matutina;0,000000000000000;Silencioso;NA
314130;Medeiros;0,000000000000000;Silencioso;NA
314140;Medina;0,000000000000000;Silencioso;1
314150;Mendes Pimentel;0,000000000000000;Silencioso;NA
314160;Mercês;0,000000000000000;Silencioso;NA
314170;Mesquita;0,000000000000000;Silencioso;NA
314180;Minas Novas;15,881082454580106;Baixa;NA
314190;Minduri;0,000000000000000;Silencioso;NA
314200;Mirabela;44,153359334756054;Baixa;NA
314210;Miradouro;0,000000000000000;Silencioso;NA
314220;Miraí;0,000000000000000;Silencioso;NA
314225;Miravânia;0,000000000000000;Silencioso;NA
314230;Moeda;0,000000000000000;Silencioso;NA
314240;Moema;0,000000000000000;Silencioso;NA
314250;Monjolos;90,090090090090087;Baixa;NA
314260;Monsenhor Paulo;0,000000000000000;Silencioso;NA
314270;Montalvânia;53,774282449418564;Baixa;NA
314280;Monte Alegre de Minas;9,469696969696969;Baixa;NA
314290;Monte Azul;0,000000000000000;Silencioso;NA
314300;Monte Belo;0,000000000000000;Silencioso;NA
314310;Monte Carmelo;12,549938296136709;Baixa;NA
314315;Monte Formoso;0,000000000000000;Silencioso;NA
314320;Monte Santo de Minas;0,000000000000000;Silencioso;NA
314340;Monte Sião;4,201151115405621;Baixa;NA
314330;Montes Claros;0,977180394829738;Baixa;NA
314345;Montezuma;0,000000000000000;Silencioso;NA
314350;Morada Nova de Minas;33,848584000902626;Baixa;NA
314360;Morro da Garça;0,000000000000000;Silencioso;NA
314370;Morro do Pilar;0,000000000000000;Silencioso;NA
314380;Munhoz;0,000000000000000;Silencioso;NA
314390;Muriaé;0,919430320973125;Baixa;NA
314400;Mutum;0,000000000000000;Silencioso;NA
314410;Muzambinho;4,861685060041811;Baixa;NA
314420;Nacip Raydan;0,000000000000000;Silencioso;NA
314430;Nanuque;0,000000000000000;Silencioso;NA
314435;Naque;14,293882218410520;Baixa;NA
314437;Natalândia;0,000000000000000;Silencioso;NA
314440;Natércia;0,000000000000000;Silencioso;NA
314450;Nazareno;0,000000000000000;Silencioso;NA
314460;Nepomuceno;0,000000000000000;Silencioso;NA
314465;Ninheira;0,000000000000000;Silencioso;NA
314467;Nova Belém;0,000000000000000;Silencioso;NA
314470;Nova Era;0,000000000000000;Silencioso;NA
314480;Nova Lima;4,215451738346911;Baixa;NA
314490;Nova Módica;0,000000000000000;Silencioso;NA
314500;Nova Ponte;0,000000000000000;Silencioso;NA
314505;Nova Porteirinha;0,000000000000000;Silencioso;NA
314510;Nova Resende;0,000000000000000;Silencioso;NA
314520;Nova Serrana;5,842657240512986;Baixa;NA
313660;Nova União;0,000000000000000;Silencioso;NA
314530;Novo Cruzeiro;6,383454087006479;Baixa;NA
314535;Novo Oriente de Minas;18,596001859600186;Baixa;NA
314537;Novorizonte;0,000000000000000;Silencioso;NA
314540;Olaria;0,000000000000000;Silencioso;NA
314545;Olhos-d'Água;0,000000000000000;Silencioso;NA
314550;Olímpio Noronha;0,000000000000000;Silencioso;NA
314560;Oliveira;2,398829371266822;Baixa;NA
314570;Oliveira Fortes;0,000000000000000;Silencioso;NA
314580;Onça de Pitangui;0,000000000000000;Silencioso;NA
314585;Oratórios;0,000000000000000;Silencioso;NA
314587;Orizânia;0,000000000000000;Silencioso;NA
314590;Ouro Branco;0,000000000000000;Silencioso;NA
314600;Ouro Fino;0,000000000000000;Silencioso;NA
314610;Ouro Preto;0,000000000000000;Silencioso;NA
314620;Ouro Verde de Minas;0,000000000000000;Silencioso;NA
314625;Padre Carvalho;0,000000000000000;Silencioso;NA
314630;Padre Paraíso;0,000000000000000;Silencioso;NA
314655;Pai Pedro;0,000000000000000;Silencioso;NA
314640;Paineiras;0,000000000000000;Silencioso;NA
314650;Pains;24,145840878908608;Baixa;NA
314660;Paiva;0,000000000000000;Silencioso;NA
314670;Palma;0,000000000000000;Silencioso;NA
314675;Palmópolis;0,000000000000000;Silencioso;NA
314690;Papagaios;6,379992344009187;Baixa;NA
314710;Pará de Minas;14,898530366397429;Baixa;0
314700;Paracatu;20,395457180274374;Baixa;NA
314720;Paraguaçu;0,000000000000000;Silencioso;NA
314730;Paraisópolis;0,000000000000000;Silencioso;NA
314740;Paraopeba;8,149959250203748;Baixa;NA
314760;Passa Quatro;0,000000000000000;Silencioso;NA
314770;Passa Tempo;0,000000000000000;Silencioso;NA
314780;Passa Vinte;0,000000000000000;Silencioso;NA
314750;Passabém;0,000000000000000;Silencioso;NA
314790;Passos;5,231995395844052;Baixa;NA
314795;Patis;0,000000000000000;Silencioso;NA
314800;Patos de Minas;4,590525156077855;Baixa;0
314810;Patrocínio;1,101843383981401;Baixa;NA
314820;Patrocínio do Muriaé;0,000000000000000;Silencioso;NA
314830;Paula Cândido;0,000000000000000;Silencioso;NA
314840;Paulistas;0,000000000000000;Silencioso;NA
314850;Pavão;0,000000000000000;Silencioso;NA
314860;Peçanha;0,000000000000000;Silencioso;NA
314870;Pedra Azul;0,000000000000000;Silencioso;NA
314875;Pedra Bonita;0,000000000000000;Silencioso;NA
314880;Pedra do Anta;0,000000000000000;Silencioso;NA
314890;Pedra do Indaiá;0,000000000000000;Silencioso;NA
314900;Pedra Dourada;0,000000000000000;Silencioso;NA
314910;Pedralva;0,000000000000000;Silencioso;NA
314915;Pedras de Maria da Cruz;0,000000000000000;Silencioso;NA
314920;Pedrinópolis;0,000000000000000;Silencioso;NA
314930;Pedro Leopoldo;1,556226462074761;Baixa;NA
314940;Pedro Teixeira;0,000000000000000;Silencioso;NA
314950;Pequeri;0,000000000000000;Silencioso;0
314960;Pequi;22,696323195642307;Baixa;NA
314970;Perdigão;0,000000000000000;Silencioso;NA
314980;Perdizes;0,000000000000000;Silencioso;NA
314990;Perdões;0,000000000000000;Silencioso;NA
314995;Periquito;0,000000000000000;Silencioso;NA
315000;Pescador;0,000000000000000;Silencioso;NA
315010;Piau;0,000000000000000;Silencioso;NA
315015;Piedade de Caratinga;11,674060238150830;Baixa;NA
315020;Piedade de Ponte Nova;0,000000000000000;Silencioso;NA
315030;Piedade do Rio Grande;0,000000000000000;Silencioso;NA
315040;Piedade dos Gerais;0,000000000000000;Silencioso;NA
315050;Pimenta;23,094688221709006;Baixa;NA
315053;Pingo d'Água;20,238818053025703;Baixa;NA
315057;Pintópolis;0,000000000000000;Silencioso;NA
315060;Piracema;0,000000000000000;Silencioso;NA
315070;Pirajuba;0,000000000000000;Silencioso;NA
315080;Piranga;0,000000000000000;Silencioso;NA
315090;Piranguçu;0,000000000000000;Silencioso;NA
315100;Piranguinho;0,000000000000000;Silencioso;NA
315110;Pirapetinga;0,000000000000000;Silencioso;NA
315120;Pirapora;0,000000000000000;Silencioso;0
315130;Piraúba;9,270418095856122;Baixa;NA
315140;Pitangui;35,728321840723140;Baixa;NA
315150;Piuí;60,534432561759537;Baixa;NA
315160;Planura;0,000000000000000;Silencioso;NA
315170;Poço Fundo;0,000000000000000;Silencioso;NA
315180;Poços de Caldas;0,000000000000000;Silencioso;NA
315190;Pocrane;0,000000000000000;Silencioso;NA
315200;Pompéu;0,000000000000000;Silencioso;0
315210;Ponte Nova;1,673864283083927;Baixa;NA
315213;Ponto Chique;0,000000000000000;Silencioso;NA
315217;Ponto dos Volantes;0,000000000000000;Silencioso;NA
315220;Porteirinha;0,000000000000000;Silencioso;NA
315230;Porto Firme;0,000000000000000;Silencioso;NA
315240;Poté;0,000000000000000;Silencioso;NA
315250;Pouso Alegre;0,000000000000000;Silencioso;NA
315260;Pouso Alto;0,000000000000000;Silencioso;NA
315270;Prados;33,218912634259773;Baixa;NA
315280;Prata;0,000000000000000;Silencioso;NA
315290;Pratápolis;0,000000000000000;Silencioso;NA
315300;Pratinha;0,000000000000000;Silencioso;NA
315310;Presidente Bernardes;0,000000000000000;Silencioso;NA
315320;Presidente Juscelino;54,929964295523206;Baixa;NA
315330;Presidente Kubitschek;0,000000000000000;Silencioso;NA
315340;Presidente Olegário;5,109078833086395;Baixa;NA
315360;Prudente de Morais;27,951178608031306;Baixa;NA
315370;Quartel Geral;0,000000000000000;Silencioso;NA
315380;Queluzita;0,000000000000000;Silencioso;NA
315390;Raposos;12,229423994129878;Baixa;1
315400;Raul Soares;4,208399966332800;Baixa;NA
315410;Recreio;0,000000000000000;Silencioso;NA
315415;Reduto;0,000000000000000;Silencioso;NA
315420;Resende Costa;0,000000000000000;Silencioso;NA
315430;Resplendor;546,071161694545026;Muito Alta;NA
315440;Ressaquinha;0,000000000000000;Silencioso;NA
315445;Riachinho;12,291052114060964;Baixa;NA
315450;Riacho dos Machados;0,000000000000000;Silencioso;NA
315460;Ribeirão das Neves;3,882242622245847;Baixa;NA
315470;Ribeirão Vermelho;0,000000000000000;Silencioso;NA
315480;Rio Acima;9,697439875872769;Baixa;NA
315490;Rio Casca;0,000000000000000;Silencioso;NA
315510;Rio do Prado;0,000000000000000;Silencioso;NA
315500;Rio Doce;0,000000000000000;Silencioso;NA
315520;Rio Espera;0,000000000000000;Silencioso;NA
315530;Rio Manso;0,000000000000000;Silencioso;NA
315540;Rio Novo;0,000000000000000;Silencioso;NA
315550;Rio Paranaíba;0,000000000000000;Silencioso;NA
315560;Rio Pardo de Minas;0,000000000000000;Silencioso;NA
315570;Rio Piracicaba;0,000000000000000;Silencioso;NA
315580;Rio Pomba;16,750418760469014;Baixa;NA
315590;Rio Preto;0,000000000000000;Silencioso;NA
315600;Rio Vermelho;0,000000000000000;Silencioso;NA
315610;Ritápolis;0,000000000000000;Silencioso;NA
315620;Rochedo de Minas;0,000000000000000;Silencioso;NA
315630;Rodeiro;0,000000000000000;Silencioso;NA
315640;Romaria;0,000000000000000;Silencioso;NA
315645;Rosário da Limeira;0,000000000000000;Silencioso;NA
315650;Rubelita;0,000000000000000;Silencioso;NA
315660;Rubim;0,000000000000000;Silencioso;NA
315670;Sabará;8,801267382503081;Baixa;NA
315680;Sabinópolis;0,000000000000000;Silencioso;NA
315690;Sacramento;15,275921329005156;Baixa;0
315700;Salinas;2,408071856864209;Baixa;NA
315710;Salto da Divisa;42,802111570837496;Baixa;NA
315720;Santa Bárbara;0,000000000000000;Silencioso;NA
315725;Santa Bárbara do Leste;0,000000000000000;Silencioso;NA
315727;Santa Bárbara do Monte Verde;0,000000000000000;Silencioso;NA
315730;Santa Bárbara do Tugúrio;0,000000000000000;Silencioso;NA
315733;Santa Cruz de Minas;11,622501162250115;Baixa;NA
315737;Santa Cruz de Salinas;0,000000000000000;Silencioso;NA
315740;Santa Cruz do Escalvado;0,000000000000000;Silencioso;NA
315750;Santa Efigênia de Minas;0,000000000000000;Silencioso;NA
315760;Santa Fé de Minas;0,000000000000000;Silencioso;NA
315765;Santa Helena de Minas;0,000000000000000;Silencioso;NA
315770;Santa Juliana;0,000000000000000;Silencioso;NA
315780;Santa Luzia;13,690253452225580;Baixa;1
315790;Santa Margarida;0,000000000000000;Silencioso;NA
315800;Santa Maria de Itabira;0,000000000000000;Silencioso;NA
315810;Santa Maria do Salto;0,000000000000000;Silencioso;NA
315820;Santa Maria do Suaçuí;6,842285323297981;Baixa;NA
315920;Santa Rita de Caldas;0,000000000000000;Silencioso;NA
315930;Santa Rita de Jacutinga;0,000000000000000;Silencioso;NA
315935;Santa Rita de Minas;0,000000000000000;Silencioso;NA
315940;Santa Rita do Ibitipoca;0,000000000000000;Silencioso;NA
315950;Santa Rita do Itueto;18,218254691200585;Baixa;NA
315960;Santa Rita do Sapucaí;0,000000000000000;Silencioso;NA
315970;Santa Rosa da Serra;0,000000000000000;Silencioso;NA
315980;Santa Vitória;15,196028771147807;Baixa;NA
315830;Santana da Vargem;0,000000000000000;Silencioso;NA
315840;Santana de Cataguases;0,000000000000000;Silencioso;NA
315850;Santana de Pirapama;0,000000000000000;Silencioso;NA
315860;Santana do Deserto;0,000000000000000;Silencioso;NA
315870;Santana do Garambéu;0,000000000000000;Silencioso;NA
315880;Santana do Jacaré;0,000000000000000;Silencioso;NA
315890;Santana do Manhuaçu;0,000000000000000;Silencioso;NA
315895;Santana do Paraíso;5,769841040879323;Baixa;NA
315900;Santana do Riacho;0,000000000000000;Silencioso;NA
315910;Santana dos Montes;0,000000000000000;Silencioso;NA
315990;Santo Antônio do Amparo;0,000000000000000;Silencioso;NA
316000;Santo Antônio do Aventureiro;0,000000000000000;Silencioso;NA
316010;Santo Antônio do Grama;0,000000000000000;Silencioso;NA
316020;Santo Antônio do Itambé;0,000000000000000;Silencioso;NA
316030;Santo Antônio do Jacinto;0,000000000000000;Silencioso;NA
316040;Santo Antônio do Monte;14,162801402117339;Baixa;NA
316045;Santo Antônio do Retiro;0,000000000000000;Silencioso;NA
316050;Santo Antônio do Rio Abaixo;0,000000000000000;Silencioso;NA
316060;Santo Hipólito;0,000000000000000;Silencioso;NA
316070;Santos Dumont;0,000000000000000;Silencioso;NA
316080;São Bento Abade;0,000000000000000;Silencioso;NA
316090;São Brás do Suaçuí;26,752273943285179;Baixa;NA
316095;São Domingos das Dores;0,000000000000000;Silencioso;NA
316100;São Domingos do Prata;0,000000000000000;Silencioso;NA
316105;São Félix de Minas;0,000000000000000;Silencioso;NA
316110;São Francisco;0,000000000000000;Silencioso;NA
316120;São Francisco de Paula;0,000000000000000;Silencioso;NA
316130;São Francisco de Sales;0,000000000000000;Silencioso;NA
316140;São Francisco do Glória;0,000000000000000;Silencioso;NA
316150;São Geraldo;0,000000000000000;Silencioso;NA
316160;São Geraldo da Piedade;0,000000000000000;Silencioso;NA
316165;São Geraldo do Baixio;0,000000000000000;Silencioso;NA
316170;São Gonçalo do Abaeté;0,000000000000000;Silencioso;NA
316180;São Gonçalo do Pará;16,114736926919669;Baixa;NA
316190;São Gonçalo do Rio Abaixo;9,157509157509157;Baixa;NA
312550;São Gonçalo do Rio Preto;0,000000000000000;Silencioso;NA
316200;São Gonçalo do Sapucaí;0,000000000000000;Silencioso;NA
316210;São Gotardo;2,819363387747047;Baixa;NA
316220;São João Batista do Glória;0,000000000000000;Silencioso;NA
316225;São João da Lagoa;0,000000000000000;Silencioso;NA
316230;São João da Mata;0,000000000000000;Silencioso;NA
316240;São João da Ponte;0,000000000000000;Silencioso;NA
316245;São João das Missões;0,000000000000000;Silencioso;NA
316250;São João del Rei;1,110099686951888;Baixa;NA
316255;São João do Manhuaçu;0,000000000000000;Silencioso;NA
316257;São João do Manteninha;0,000000000000000;Silencioso;NA
316260;São João do Oriente;13,336889837289943;Baixa;NA
316265;São João do Pacuí;0,000000000000000;Silencioso;NA
316270;São João do Paraíso;0,000000000000000;Silencioso;NA
316280;São João Evangelista;0,000000000000000;Silencioso;NA
316290;São João Nepomuceno;7,586965593111036;Baixa;NA
316292;São Joaquim de Bicas;9,500285008550257;Baixa;NA
316294;São José da Barra;0,000000000000000;Silencioso;NA
316295;São José da Lapa;4,207691660355129;Baixa;NA
316300;São José da Safira;0,000000000000000;Silencioso;NA
316310;São José da Varginha;0,000000000000000;Silencioso;NA
316320;São José do Alegre;0,000000000000000;Silencioso;NA
316330;São José do Divino;0,000000000000000;Silencioso;NA
316340;São José do Goiabal;18,450184501845019;Baixa;NA
316350;São José do Jacuri;0,000000000000000;Silencioso;NA
316360;São José do Mantimento;0,000000000000000;Silencioso;NA
316370;São Lourenço;0,000000000000000;Silencioso;NA
316380;São Miguel do Anta;0,000000000000000;Silencioso;NA
316390;São Pedro da União;21,463833440652500;Baixa;NA
316410;São Pedro do Suaçuí;0,000000000000000;Silencioso;NA
316400;São Pedro dos Ferros;0,000000000000000;Silencioso;NA
316420;São Romão;0,000000000000000;Silencioso;NA
316430;São Roque de Minas;0,000000000000000;Silencioso;NA
316440;São Sebastião da Bela Vista;0,000000000000000;Silencioso;NA
316443;São Sebastião da Vargem Alegre;0,000000000000000;Silencioso;NA
316447;São Sebastião do Anta;0,000000000000000;Silencioso;NA
316450;São Sebastião do Maranhão;0,000000000000000;Silencioso;NA
316460;São Sebastião do Oeste;0,000000000000000;Silencioso;NA
316470;São Sebastião do Paraíso;9,865268617171205;Baixa;NA
316480;São Sebastião do Rio Preto;0,000000000000000;Silencioso;NA
316490;São Sebastião do Rio Verde;0,000000000000000;Silencioso;NA
316500;São Tiago;0,000000000000000;Silencioso;NA
316510;São Tomás de Aquino;9,139932364500503;Baixa;NA
316520;São Tomé das Letras;0,000000000000000;Silencioso;NA
316530;São Vicente de Minas;0,000000000000000;Silencioso;NA
316540;Sapucaí-Mirim;0,000000000000000;Silencioso;NA
316550;Sardoá;0,000000000000000;Silencioso;NA
316553;Sarzedo;3,053248656570591;Baixa;NA
316556;Sem-Peixe;0,000000000000000;Silencioso;NA
316557;Senador Amaral;0,000000000000000;Silencioso;NA
316560;Senador Cortes;0,000000000000000;Silencioso;NA
316570;Senador Firmino;12,800819252432156;Baixa;0
316580;Senador José Bento;0,000000000000000;Silencioso;NA
316590;Senador Modestino Gonçalves;0,000000000000000;Silencioso;NA
316600;Senhora de Oliveira;0,000000000000000;Silencioso;NA
316610;Senhora do Porto;0,000000000000000;Silencioso;NA
316620;Senhora dos Remédios;0,000000000000000;Silencioso;NA
316630;Sericita;0,000000000000000;Silencioso;NA
316640;Seritinga;0,000000000000000;Silencioso;NA
316650;Serra Azul de Minas;0,000000000000000;Silencioso;NA
316660;Serra da Saudade;0,000000000000000;Silencioso;NA
316680;Serra do Salitre;0,000000000000000;Silencioso;NA
316670;Serra dos Aimorés;0,000000000000000;Silencioso;NA
316690;Serrania;0,000000000000000;Silencioso;NA
316695;Serranópolis de Minas;0,000000000000000;Silencioso;NA
316700;Serranos;0,000000000000000;Silencioso;NA
316710;Serro;0,000000000000000;Silencioso;NA
316720;Sete Lagoas;1,669177387653929;Baixa;NA
316555;Setubinha;8,157937673356177;Baixa;NA
316730;Silveirânia;0,000000000000000;Silencioso;NA
316740;Silvianópolis;0,000000000000000;Silencioso;NA
316750;Simão Pereira;0,000000000000000;Silencioso;NA
316760;Simonésia;0,000000000000000;Silencioso;NA
316770;Sobrália;0,000000000000000;Silencioso;NA
316780;Soledade de Minas;0,000000000000000;Silencioso;NA
316790;Tabuleiro;0,000000000000000;Silencioso;NA
316800;Taiobeiras;5,859603890776984;Baixa;NA
316805;Taparuba;0,000000000000000;Silencioso;0
316810;Tapira;0,000000000000000;Silencioso;NA
316820;Tapiraí;0,000000000000000;Silencioso;NA
316830;Taquaraçu de Minas;0,000000000000000;Silencioso;NA
316840;Tarumirim;0,000000000000000;Silencioso;NA
316850;Teixeiras;0,000000000000000;Silencioso;NA
316860;Teófilo Otoni;1,422556048708319;Baixa;NA
316870;Timóteo;4,452260635337593;Baixa;0
316880;Tiradentes;0,000000000000000;Silencioso;NA
316890;Tiros;0,000000000000000;Silencioso;NA
316900;Tocantins;30,013806350921424;Baixa;NA
316905;Tocos do Moji;0,000000000000000;Silencioso;NA
316910;Toledo;0,000000000000000;Silencioso;NA
316920;Tombos;0,000000000000000;Silencioso;NA
316930;Três Corações;1,258146498578294;Baixa;NA
316935;Três Marias;0,000000000000000;Silencioso;NA
316940;Três Pontas;0,000000000000000;Silencioso;NA
316950;Tumiritinga;0,000000000000000;Silencioso;NA
316960;Tupaciguara;0,000000000000000;Silencioso;NA
316970;Turmalina;30,054097375275493;Baixa;NA
316980;Turvolândia;0,000000000000000;Silencioso;NA
316990;Ubá;10,384934921074494;Baixa;0
317000;Ubaí;0,000000000000000;Silencioso;NA
317005;Ubaporanga;0,000000000000000;Silencioso;NA
317010;Uberaba;20,072921628722852;Baixa;0
317020;Uberlândia;11,861624029914436;Baixa;NA
317030;Umburatiba;0,000000000000000;Silencioso;NA
317040;Unaí;18,962288748251915;Baixa;0
317043;União de Minas;0,000000000000000;Silencioso;NA
317047;Uruana de Minas;30,637254901960784;Baixa;NA
317050;Urucânia;0,000000000000000;Silencioso;NA
317052;Urucuia;0,000000000000000;Silencioso;NA
317057;Vargem Alegre;15,432098765432098;Baixa;NA
317060;Vargem Bonita;0,000000000000000;Silencioso;NA
317065;Vargem Grande do Rio Pardo;0,000000000000000;Silencioso;NA
317070;Varginha;0,737691615397099;Baixa;0
317075;Varjão de Minas;0,000000000000000;Silencioso;NA
317080;Várzea da Palma;2,532094295191553;Baixa;NA
317090;Varzelândia;0,000000000000000;Silencioso;NA
317100;Vazante;0,000000000000000;Silencioso;NA
317103;Verdelândia;0,000000000000000;Silencioso;NA
317107;Veredinha;0,000000000000000;Silencioso;NA
317110;Veríssimo;0,000000000000000;Silencioso;0
317115;Vermelho Novo;0,000000000000000;Silencioso;NA
317120;Vespasiano;1,567385835534204;Baixa;NA
317130;Viçosa;1,268295157649088;Baixa;NA
317140;Vieiras;0,000000000000000;Silencioso;NA
317160;Virgem da Lapa;14,543339150668993;Baixa;NA
317170;Virgínia;0,000000000000000;Silencioso;NA
317180;Virginópolis;9,514747859181732;Baixa;NA
317190;Virgolândia;0,000000000000000;Silencioso;NA
317200;Visconde do Rio Branco;30,542242270463305;Baixa;0
317210;Volta Grande;0,000000000000000;Silencioso;NA
317220;Wenceslau Braz;0,000000000000000;Silencioso;NA
NA;NA;6,386760585429749;Baixa;NA
NA;NA;NA;NA;NA
NA;NA;NA;NA;NA
NA;NA;NA;NA;NA
NA;NA;NA;NA;NA
